name,redirect_url
drive,https://drive.google.com/drive/folders/1b7UETKTywan4XfxzeRsWvH1ajMGF2IEQ
närvaro,https://docs.google.com/spreadsheets/d/1vjhbL8dCVlzkCOTciQyPyd1d8v-Q7l_00u3fNnMqxDc
attendance,https://docs.google.com/spreadsheets/d/1vjhbL8dCVlzkCOTciQyPyd1d8v-Q7l_00u3fNnMqxDc
noter,https://drive.google.com/drive/folders/0B82gbHX1scbVUEh0WWxLdWlSdjQ?resourcekey=0-sVtqJMECtWCpiFm17Ui8Lw&usp=drive_link
danser,https://docs.google.com/document/d/1GD5edRHWTGK4O0isyU3bFaSqOfnD6ot1IDQ5EHh9nyc/edit
setlist,https://docs.google.com/document/d/1RUq1wS-Z2NRTGyPs383Ix3jLdK0ykiABOfypyAQziVo
bilder,https://drive.google.com/drive/folders/178hp1U2CaZwvmnuvGVrVvvO9ubujG7vs?usp=sharing
bild,https://drive.google.com/drive/folders/178hp1U2CaZwvmnuvGVrVvvO9ubujG7vs?usp=sharing
photos,https://drive.google.com/drive/folders/178hp1U2CaZwvmnuvGVrVvvO9ubujG7vs?usp=sharing
photo,https://drive.google.com/drive/folders/178hp1U2CaZwvmnuvGVrVvvO9ubujG7vs?usp=sharing
sang,https://drive.google.com/file/d/19ZE1pUBnuoZ3qGlj4Dj4J0NY6OV_IJX1/view
i1,https://www.instagram.com/pq_officiell
i2,https://www.instagram.com/pqbussen
kalender,https://calendar.google.com/calendar/u/0/embed?src=8hpq2n9hsi2fkcbfmmd1ilrv44@group.calendar.google.com&ctz=Europe/Stockholm
bak,buss
ny,buss
gamed,ga-med
utlägg,https://drive.google.com/file/d/1SSg0Ktcj4jpyVk4nPyelKLdtm5rLx2jF/view?usp=share_link
utlagg,https://drive.google.com/file/d/1SSg0Ktcj4jpyVk4nPyelKLdtm5rLx2jF/view?usp=share_link
sqrubben,https://www.google.com/maps/place/Sqrubben
spotify,https://open.spotify.com/artist/1MuP2VJJAxrHsf4gwJzBU2  
af1,https://docs.google.com/forms/d/e/1FAIpQLSeDWN4MWWlfTGkgaVhS1cLkP0mIu44H-0_7B6IJfuYlIG_QIQ/viewform
aff,https://docs.google.com/forms/d/e/1FAIpQLSeDWN4MWWlfTGkgaVhS1cLkP0mIu44H-0_7B6IJfuYlIG_QIQ/viewform
tshirt1,https://www.instagram.com/pq_officiell
tg,https://open.spotify.com/track/4YlrKomlDAejXQ0XxlQ1fK?si=RaN2c0Q5Sl-6KD0YVHUjng&utm_source=copy-link